timestamp,repositorio,tratamento,repeticao,sucesso,tempo_resposta_ms,tamanho_resposta_bytes
2026-06-24T18:51:05.004949,pytorch/pytorch,GraphQL,3,True,553.2977999996547,1020
2026-06-24T18:51:09.177810,pytorch/pytorch,GraphQL,2,True,634.7961000001305,1020
2026-06-24T18:51:10.117143,vuejs/vue,GraphQL,4,True,606.1267000000043,990
2026-06-24T18:51:14.546360,nodejs/node,GraphQL,7,True,694.8050999999396,835
2026-06-24T18:51:15.543442,angular/angular,GraphQL,18,True,606.0225000001083,925
2026-06-24T18:51:18.052434,microsoft/vscode,GraphQL,12,True,621.6584000003422,766
2026-06-24T18:51:22.274185,tensorflow/tensorflow,GraphQL,16,True,592.4169999998412,1006
2026-06-24T18:51:25.390054,facebook/react,GraphQL,24,True,532.27650000008,801
2026-06-24T18:51:27.823915,django/django,GraphQL,14,True,503.28840000020136,209
2026-06-24T18:51:30.258007,tensorflow/tensorflow,GraphQL,13,True,793.0003000001307,1006
2026-06-24T18:51:33.296159,microsoft/vscode,GraphQL,26,True,658.7620999998762,766
2026-06-24T18:51:36.089954,django/django,GraphQL,19,True,563.3119000003717,209
2026-06-24T18:51:36.956662,pytorch/pytorch,GraphQL,13,True,652.9702999996516,1020
2026-06-24T18:51:39.639049,django/django,GraphQL,26,True,617.0242999996844,209
2026-06-24T18:51:44.032339,nodejs/node,GraphQL,23,True,748.3161000000109,835
2026-06-24T18:51:45.085242,microsoft/vscode,GraphQL,18,True,658.804699999564,766
2026-06-24T18:51:47.980145,torvalds/linux,GraphQL,16,True,622.3853000001327,176
2026-06-24T18:51:50.658215,microsoft/vscode,GraphQL,1,True,775.2704999993512,766
2026-06-24T18:51:53.543004,microsoft/vscode,GraphQL,5,True,697.7092000006451,766
2026-06-24T18:51:58.343791,torvalds/linux,GraphQL,3,True,615.9142000005886,176
2026-06-24T18:52:04.488349,django/django,GraphQL,25,True,769.2274999999427,209
2026-06-24T18:52:05.559297,rails/rails,GraphQL,2,True,602.7305999996315,936
2026-06-24T18:52:08.148094,pytorch/pytorch,GraphQL,17,True,580.182299999251,1020
2026-06-24T18:52:10.644458,angular/angular,GraphQL,21,True,527.1000000002459,925
2026-06-24T18:52:14.688427,pytorch/pytorch,GraphQL,7,True,641.6335999992953,1020
2026-06-24T18:52:15.631208,angular/angular,GraphQL,24,True,670.444999999745,925
2026-06-24T18:52:18.403871,nodejs/node,GraphQL,8,True,637.5091999998403,835
2026-06-24T18:52:20.965438,angular/angular,GraphQL,1,True,737.4868000006245,925
2026-06-24T18:52:25.193034,angular/angular,GraphQL,8,True,634.0104999999312,925
2026-06-24T18:52:26.131184,pytorch/pytorch,GraphQL,20,True,809.2585000003965,1020
2026-06-24T18:52:30.926300,nodejs/node,GraphQL,0,True,720.7090000001699,835
2026-06-24T18:52:33.546416,rails/rails,GraphQL,14,True,614.8694000003161,936
2026-06-24T18:52:34.465198,angular/angular,GraphQL,7,True,562.744400000156,925
2026-06-24T18:52:39.095093,facebook/react,GraphQL,5,True,528.5877000005712,801
2026-06-24T18:52:39.925958,vuejs/vue,GraphQL,20,True,586.3577000000078,990
2026-06-24T18:52:43.948032,torvalds/linux,GraphQL,14,True,631.0710999996445,176
2026-06-24T18:52:44.880562,rails/rails,GraphQL,29,True,577.4292000005516,936
2026-06-24T18:52:47.170694,microsoft/vscode,GraphQL,8,True,715.2706000006219,766
2026-06-24T18:52:50.082132,facebook/react,GraphQL,29,True,709.2996999999741,801
2026-06-24T18:52:53.471664,django/django,GraphQL,5,True,572.6514999996652,209
2026-06-24T18:52:55.976396,angular/angular,GraphQL,20,True,631.912700000612,925
2026-06-24T18:53:00.173159,angular/angular,GraphQL,10,True,664.3506999998863,925
2026-06-24T18:53:01.139166,tensorflow/tensorflow,GraphQL,11,True,795.546700000159,1006
2026-06-24T18:53:05.550775,django/django,GraphQL,24,True,523.9074999999502,209
2026-06-24T18:53:08.741363,facebook/react,GraphQL,4,True,672.7853000002142,801
2026-06-24T18:53:09.715056,torvalds/linux,GraphQL,5,True,553.8144000001921,176
2026-06-24T18:53:12.315214,rails/rails,GraphQL,10,True,712.3029999993378,936
2026-06-24T18:53:14.917060,microsoft/vscode,GraphQL,16,True,639.4657999999254,766
2026-06-24T18:53:17.566350,torvalds/linux,GraphQL,8,True,525.3018000003067,176
2026-06-24T18:53:21.688721,vuejs/vue,GraphQL,11,True,688.9519999995173,990
2026-06-24T18:53:24.043646,torvalds/linux,GraphQL,20,True,510.044900000139,176
2026-06-24T18:53:24.857777,rails/rails,GraphQL,17,True,667.4556999996639,936
2026-06-24T18:53:27.492476,facebook/react,GraphQL,18,True,585.9871000002386,801
2026-06-24T18:53:30.628063,vuejs/vue,GraphQL,7,True,524.7298999993291,990
2026-06-24T18:53:34.342250,torvalds/linux,GraphQL,10,True,654.3454000002384,176
2026-06-24T18:53:36.860597,rails/rails,GraphQL,23,True,531.2020000001212,936
2026-06-24T18:53:37.692856,microsoft/vscode,GraphQL,11,True,585.9540000001289,766
2026-06-24T18:53:40.191062,pytorch/pytorch,GraphQL,1,True,537.2083000002021,1020
2026-06-24T18:53:44.624317,django/django,GraphQL,16,True,772.3036999996111,209
2026-06-24T18:53:45.698205,pytorch/pytorch,GraphQL,27,True,631.4259000000675,1020
2026-06-24T18:53:48.411605,tensorflow/tensorflow,GraphQL,2,True,790.5842000000121,1006
2026-06-24T18:53:51.496108,django/django,GraphQL,29,True,635.7890999997835,209
2026-06-24T18:53:54.220731,pytorch/pytorch,GraphQL,10,True,604.9626999993052,1020
2026-06-24T18:53:58.536274,django/django,GraphQL,9,True,740.7455999991726,209
2026-06-24T18:54:01.425389,django/django,GraphQL,1,True,627.0427999997992,209
2026-06-24T18:54:02.353870,nodejs/node,GraphQL,27,True,611.038600000029,835
2026-06-24T18:54:05.200414,django/django,GraphQL,12,True,618.0966000001717,209
2026-06-24T18:54:07.699825,pytorch/pytorch,GraphQL,15,True,629.9613999999565,1020
2026-06-24T18:54:12.406956,pytorch/pytorch,GraphQL,5,True,573.1264999994892,1020
2026-06-24T18:54:13.281392,vuejs/vue,GraphQL,19,True,555.7693000000654,990
2026-06-24T18:54:17.548354,torvalds/linux,GraphQL,26,True,511.8941000000632,176
2026-06-24T18:54:18.361618,angular/angular,GraphQL,14,True,629.4024999997418,925
2026-06-24T18:54:22.251352,torvalds/linux,GraphQL,24,True,506.469100000686,176
2026-06-24T18:54:24.745736,nodejs/node,GraphQL,29,True,698.7221999997928,835
2026-06-24T18:54:27.241186,torvalds/linux,GraphQL,12,True,523.1849000001603,176
2026-06-24T18:54:29.742412,pytorch/pytorch,GraphQL,8,True,543.1257999998707,1020
2026-06-24T18:54:30.588049,microsoft/vscode,GraphQL,7,True,596.7763000007835,766
2026-06-24T18:54:35.387959,facebook/react,GraphQL,13,True,664.1586000005191,801
2026-06-24T18:54:36.356009,facebook/react,GraphQL,17,True,719.5041000004494,801
2026-06-24T18:54:40.959504,django/django,GraphQL,21,True,664.0972000004695,209
2026-06-24T18:54:41.926812,angular/angular,GraphQL,5,True,621.040300000459,925
2026-06-24T18:54:46.015169,rails/rails,GraphQL,22,True,629.0957000001072,936
2026-06-24T18:54:48.419587,vuejs/vue,GraphQL,10,True,586.5727000000334,990
2026-06-24T18:54:49.310378,facebook/react,GraphQL,0,True,620.4070000003412,801
2026-06-24T18:54:52.434021,nodejs/node,GraphQL,15,True,650.2580000005764,835
2026-06-24T18:54:56.557205,torvalds/linux,GraphQL,11,True,556.9930999999997,176
2026-06-24T18:54:59.467241,facebook/react,GraphQL,1,True,593.365000000631,801
2026-06-24T18:55:00.362932,vuejs/vue,GraphQL,12,True,575.026199999229,990
2026-06-24T18:55:04.712908,angular/angular,GraphQL,23,True,627.7659000006679,925
2026-06-24T18:55:05.642264,tensorflow/tensorflow,GraphQL,18,True,635.5526999996073,1006
2026-06-24T18:55:08.271471,facebook/react,GraphQL,28,True,568.8196000000971,801
2026-06-24T18:55:11.517590,nodejs/node,GraphQL,1,True,567.2464999997828,835
2026-06-24T18:55:13.993556,rails/rails,GraphQL,13,True,528.4156999996412,936
2026-06-24T18:55:17.907864,tensorflow/tensorflow,GraphQL,23,True,616.0963000002084,1006
2026-06-24T18:55:18.825493,nodejs/node,GraphQL,14,True,737.9210999997667,835
2026-06-24T18:55:21.398846,rails/rails,GraphQL,20,True,516.6544000003341,936
2026-06-24T18:55:25.519167,microsoft/vscode,GraphQL,0,True,839.5625000002838,766
2026-06-24T18:55:26.660288,microsoft/vscode,GraphQL,29,True,657.452700000249,766
2026-06-24T18:55:30.874221,nodejs/node,GraphQL,10,True,608.2741000000169,835
2026-06-24T18:55:31.783502,nodejs/node,GraphQL,24,True,563.4417999999641,835
2026-06-24T18:55:35.926444,microsoft/vscode,GraphQL,23,True,638.9797000001636,766
2026-06-24T18:55:38.401277,django/django,GraphQL,8,True,498.80949999987934,209
2026-06-24T18:55:40.776331,angular/angular,GraphQL,16,True,833.4554000002754,925
2026-06-24T18:55:43.618408,microsoft/vscode,GraphQL,9,True,597.8119000001243,766
2026-06-24T18:55:44.518103,microsoft/vscode,GraphQL,20,True,645.4545999995389,766
2026-06-24T18:55:48.850079,microsoft/vscode,GraphQL,25,True,641.0231999998359,766
2026-06-24T18:55:51.870417,facebook/react,GraphQL,12,True,643.5096000004705,801
2026-06-24T18:55:52.818086,vuejs/vue,GraphQL,13,True,553.9431000006516,990
2026-06-24T18:55:55.196846,microsoft/vscode,GraphQL,13,True,638.670500000444,766
2026-06-24T18:55:59.347028,vuejs/vue,GraphQL,29,True,620.5655999992814,990
2026-06-24T18:56:01.854299,torvalds/linux,GraphQL,0,True,640.2548999994906,176
2026-06-24T18:56:05.750556,rails/rails,GraphQL,12,True,557.6855999997861,936
2026-06-24T18:56:09.928525,microsoft/vscode,GraphQL,28,True,691.6742000003069,766
2026-06-24T18:56:12.500652,angular/angular,GraphQL,29,True,640.348200000517,925
2026-06-24T18:56:13.443223,torvalds/linux,GraphQL,1,True,609.0432999999393,176
2026-06-24T18:56:15.796441,vuejs/vue,GraphQL,0,True,551.6504999995959,990
2026-06-24T18:56:18.229204,django/django,GraphQL,2,True,562.0470000003479,209
2026-06-24T18:56:20.648154,angular/angular,GraphQL,17,True,592.3368000003393,925
2026-06-24T18:56:24.508176,torvalds/linux,GraphQL,9,True,541.51340000044,176
2026-06-24T18:56:25.351758,torvalds/linux,GraphQL,4,True,543.0154000005132,176
2026-06-24T18:56:29.665726,facebook/react,GraphQL,27,True,617.4847000002046,801
2026-06-24T18:56:30.584986,vuejs/vue,GraphQL,27,True,540.7284000002619,990
2026-06-24T18:56:33.007773,nodejs/node,GraphQL,11,True,590.0744999999006,835
2026-06-24T18:56:35.455838,facebook/react,GraphQL,21,True,601.8008999999438,801
2026-06-24T18:56:39.861126,django/django,GraphQL,13,True,530.33940000023,209
2026-06-24T18:56:40.693025,tensorflow/tensorflow,GraphQL,10,True,570.8958999994138,1006
2026-06-24T18:56:45.147206,facebook/react,GraphQL,14,True,557.1196999999302,801
2026-06-24T18:56:47.676057,vuejs/vue,GraphQL,24,True,661.6583999993964,990
2026-06-24T18:56:48.639130,vuejs/vue,GraphQL,16,True,719.7511000003942,990
2026-06-24T18:56:51.248554,tensorflow/tensorflow,GraphQL,17,True,681.7652999998245,1006
2026-06-24T18:56:54.201061,rails/rails,GraphQL,0,True,715.2353000001312,936
2026-06-24T18:56:58.775249,torvalds/linux,GraphQL,19,True,704.7142999999778,176
2026-06-24T18:57:01.672918,tensorflow/tensorflow,GraphQL,14,True,753.3223999998881,1006
2026-06-24T18:57:04.680549,vuejs/vue,GraphQL,18,True,781.2460000004648,990
2026-06-24T18:57:10.406881,django/django,GraphQL,15,True,704.8828999995749,209
2026-06-24T18:57:11.414162,facebook/react,GraphQL,3,True,637.422400000105,801
2026-06-24T18:57:14.756769,angular/angular,GraphQL,2,True,640.2103999998872,925
2026-06-24T18:57:18.964459,vuejs/vue,GraphQL,17,True,600.7087999996656,990
2026-06-24T18:57:19.869302,microsoft/vscode,GraphQL,27,True,733.2085999996707,766
2026-06-24T18:57:24.375702,microsoft/vscode,GraphQL,15,True,822.8193999993891,766
2026-06-24T18:57:25.500261,django/django,GraphQL,0,True,668.5653000004095,209
2026-06-24T18:57:28.159476,microsoft/vscode,GraphQL,19,True,732.1087000000261,766
2026-06-24T18:57:30.939880,tensorflow/tensorflow,GraphQL,24,True,736.0146000000896,1006
2026-06-24T18:57:35.338121,rails/rails,GraphQL,24,True,553.1186999996862,936
2026-06-24T18:57:36.194451,rails/rails,GraphQL,18,True,703.8160000001881,936
2026-06-24T18:57:38.665290,vuejs/vue,GraphQL,14,True,555.4517999999007,990
2026-06-24T18:57:42.653789,rails/rails,GraphQL,1,True,687.9463000004762,936
2026-06-24T18:57:45.261289,torvalds/linux,GraphQL,13,True,663.7555999996039,176
2026-06-24T18:57:48.006258,pytorch/pytorch,GraphQL,28,True,567.7562999999282,1020
2026-06-24T18:57:48.877391,pytorch/pytorch,GraphQL,16,True,828.9052000000083,1020
2026-06-24T18:57:51.877691,tensorflow/tensorflow,GraphQL,26,True,525.62239999952,1006
2026-06-24T18:57:54.826393,torvalds/linux,GraphQL,21,True,619.7344000001976,176
2026-06-24T18:57:59.047057,rails/rails,GraphQL,5,True,724.0930999996635,936
2026-06-24T18:58:01.878323,rails/rails,GraphQL,26,True,789.5088000004762,936
2026-06-24T18:58:02.970751,torvalds/linux,GraphQL,7,True,633.3346999999776,176
2026-06-24T18:58:07.276384,rails/rails,GraphQL,21,True,567.3714000004111,936
2026-06-24T18:58:09.926125,nodejs/node,GraphQL,6,True,566.4746000002197,835
2026-06-24T18:58:10.794075,facebook/react,GraphQL,7,True,586.389500000223,801
2026-06-24T18:58:15.353267,django/django,GraphQL,10,True,667.2262000001865,209
2026-06-24T18:58:18.119462,angular/angular,GraphQL,19,True,732.7504999993835,925
2026-06-24T18:58:21.053532,microsoft/vscode,GraphQL,24,True,762.5828999998703,766
2026-06-24T18:58:22.117508,vuejs/vue,GraphQL,3,True,790.6760000005306,990
2026-06-24T18:58:24.947063,facebook/react,GraphQL,15,True,704.2618999994374,801
2026-06-24T18:58:28.514799,tensorflow/tensorflow,GraphQL,27,True,685.8969000004436,1006
2026-06-24T18:58:33.105336,vuejs/vue,GraphQL,8,True,702.3087999996278,990
2026-06-24T18:58:34.110545,angular/angular,GraphQL,11,True,580.277400000341,925
2026-06-24T18:58:36.872353,tensorflow/tensorflow,GraphQL,28,True,584.2910000001211,1006
2026-06-24T18:58:41.066945,torvalds/linux,GraphQL,29,True,505.759699999544,176
2026-06-24T18:58:41.874377,pytorch/pytorch,GraphQL,4,True,549.6257000004334,1020
2026-06-24T18:58:45.922419,vuejs/vue,GraphQL,23,True,610.900099999526,990
2026-06-24T18:58:46.836969,facebook/react,GraphQL,11,True,728.5184000002118,801
2026-06-24T18:58:51.644317,nodejs/node,GraphQL,28,True,531.4165999998295,835
2026-06-24T18:58:52.477298,facebook/react,GraphQL,23,True,665.424200000416,801
2026-06-24T18:58:57.496689,vuejs/vue,GraphQL,22,True,536.1898999999539,990
2026-06-24T18:58:59.980835,rails/rails,GraphQL,16,True,535.6888999995135,936
2026-06-24T18:59:00.817834,facebook/react,GraphQL,16,True,697.7261000001818,801
2026-06-24T18:59:03.979242,angular/angular,GraphQL,26,True,640.5681000005643,925
2026-06-24T18:59:08.371068,vuejs/vue,GraphQL,25,True,565.6080999997357,990
2026-06-24T18:59:09.239331,angular/angular,GraphQL,3,True,560.7973999995011,925
2026-06-24T18:59:11.680365,torvalds/linux,GraphQL,15,True,526.3519999998607,176
2026-06-24T18:59:13.826892,pytorch/pytorch,GraphQL,22,True,556.3091000003624,1020
2026-06-24T18:59:16.568254,facebook/react,GraphQL,25,True,649.8048000003109,801
2026-06-24T18:59:21.753811,pytorch/pytorch,GraphQL,9,True,702.8591999996934,1020
2026-06-24T18:59:22.758974,facebook/react,GraphQL,20,True,684.4849999997678,801
2026-06-24T18:59:27.854456,tensorflow/tensorflow,GraphQL,20,True,727.2678999997879,1006
2026-06-24T18:59:28.882377,rails/rails,GraphQL,25,True,574.64119999986,936
2026-06-24T18:59:33.284445,tensorflow/tensorflow,GraphQL,29,True,616.2180999999691,1006
2026-06-24T18:59:35.880455,vuejs/vue,GraphQL,26,True,549.9957000001814,990
2026-06-24T18:59:36.732305,vuejs/vue,GraphQL,2,True,687.0179000006829,990
2026-06-24T18:59:39.203979,angular/angular,GraphQL,28,True,561.5313999996943,925
2026-06-24T18:59:43.609595,nodejs/node,GraphQL,4,True,560.7221000000209,835
2026-06-24T18:59:44.472572,django/django,GraphQL,22,True,658.2687999998598,209
2026-06-24T18:59:50.467366,facebook/react,GraphQL,19,True,560.519500000737,801
2026-06-24T18:59:52.974662,pytorch/pytorch,GraphQL,6,True,696.4988999998241,1020
2026-06-24T18:59:53.973761,nodejs/node,GraphQL,2,True,589.526200000364,835
2026-06-24T18:59:56.578265,angular/angular,GraphQL,12,True,710.0522000000637,925
2026-06-24T18:59:59.354219,torvalds/linux,GraphQL,28,True,609.9779000005583,176
2026-06-24T19:00:04.052483,microsoft/vscode,GraphQL,21,True,781.2684999998964,766
2026-06-24T19:00:05.135158,facebook/react,GraphQL,6,True,569.1182999999,801
2026-06-24T19:00:09.959376,tensorflow/tensorflow,GraphQL,3,True,803.4545000000435,1006
2026-06-24T19:00:11.065742,torvalds/linux,GraphQL,17,True,577.1432000001369,176
2026-06-24T19:00:13.466089,tensorflow/tensorflow,GraphQL,9,True,700.8087000003798,1006
2026-06-24T19:00:16.036346,rails/rails,GraphQL,11,True,677.463799999714,936
2026-06-24T19:00:21.069802,facebook/react,GraphQL,22,True,719.7063000003254,801
2026-06-24T19:00:23.853501,tensorflow/tensorflow,GraphQL,25,True,631.4732999999251,1006
2026-06-24T19:00:24.786394,django/django,GraphQL,20,True,549.7150000001056,209
2026-06-24T19:00:29.030369,tensorflow/tensorflow,GraphQL,4,True,810.1956999998947,1006
2026-06-24T19:00:30.144483,vuejs/vue,GraphQL,21,True,689.3930000005639,990
2026-06-24T19:00:32.776023,tensorflow/tensorflow,GraphQL,19,True,601.7940000001545,1006
2026-06-24T19:00:37.200715,pytorch/pytorch,GraphQL,11,True,546.9192000000476,1020
2026-06-24T19:00:40.056373,microsoft/vscode,GraphQL,4,True,812.9258999997546,766
2026-06-24T19:00:42.870424,nodejs/node,GraphQL,9,True,706.7177999997512,835
2026-06-24T19:00:45.641300,django/django,GraphQL,6,True,654.6776000004684,209
2026-06-24T19:00:48.422750,pytorch/pytorch,GraphQL,18,True,647.4448999997549,1020
2026-06-24T19:00:50.830300,rails/rails,GraphQL,3,True,595.8110999999917,936
2026-06-24T19:00:53.165721,django/django,GraphQL,27,True,668.7706000002436,209
2026-06-24T19:00:55.879531,rails/rails,GraphQL,28,True,645.4345000001922,936
2026-06-24T19:00:56.825763,nodejs/node,GraphQL,3,True,867.9371999996874,835
2026-06-24T19:00:59.587780,microsoft/vscode,GraphQL,6,True,556.129399999918,766
2026-06-24T19:01:04.380449,vuejs/vue,GraphQL,6,True,586.6931999998997,990
2026-06-24T19:01:06.940489,angular/angular,GraphQL,22,True,640.9504000002926,925
2026-06-24T19:01:09.574656,django/django,GraphQL,17,True,674.4157000002815,209
2026-06-24T19:01:12.053035,torvalds/linux,GraphQL,22,True,501.7416000000594,176
2026-06-24T19:01:12.857795,tensorflow/tensorflow,GraphQL,8,True,589.2371999998431,1006
2026-06-24T19:01:17.160511,nodejs/node,GraphQL,17,True,721.6846999999689,835
2026-06-24T19:01:19.676233,vuejs/vue,GraphQL,28,True,541.2464999999429,990
2026-06-24T19:01:22.086024,django/django,GraphQL,18,True,644.0800999998828,209
2026-06-24T19:01:24.624532,nodejs/node,GraphQL,13,True,561.4631999997073,835
2026-06-24T19:01:27.136366,nodejs/node,GraphQL,12,True,693.0959999999686,835
2026-06-24T19:01:29.649962,rails/rails,GraphQL,6,True,532.8392000001259,936
2026-06-24T19:01:32.130034,vuejs/vue,GraphQL,5,True,571.4065000001938,990
2026-06-24T19:01:33.005023,nodejs/node,GraphQL,20,True,712.0254000001296,835
2026-06-24T19:01:37.683806,pytorch/pytorch,GraphQL,24,True,722.0219999999244,1020
2026-06-24T19:01:38.709013,facebook/react,GraphQL,26,True,731.8325999995068,801
2026-06-24T19:01:42.219342,nodejs/node,GraphQL,18,True,678.7986999997884,835
2026-06-24T19:01:46.334607,torvalds/linux,GraphQL,23,True,506.2352999993891,176
2026-06-24T19:01:47.145478,torvalds/linux,GraphQL,25,True,514.9633999999423,176
2026-06-24T19:01:49.679256,angular/angular,GraphQL,13,True,721.8132999996669,925
2026-06-24T19:01:53.928390,django/django,GraphQL,3,True,543.7830000000758,209
2026-06-24T19:01:56.519978,rails/rails,GraphQL,9,True,677.0845999999437,936
2026-06-24T19:01:59.300980,microsoft/vscode,GraphQL,2,True,635.3515999999217,766
2026-06-24T19:02:01.892194,microsoft/vscode,GraphQL,3,True,753.0320999994728,766
2026-06-24T19:02:02.948187,nodejs/node,GraphQL,19,True,788.1177999997817,835
2026-06-24T19:02:07.436144,nodejs/node,GraphQL,26,True,644.9572999999873,835
2026-06-24T19:02:10.001965,nodejs/node,GraphQL,25,True,710.3236000002653,835
2026-06-24T19:02:13.060986,facebook/react,GraphQL,10,True,663.6758000004193,801
2026-06-24T19:02:14.025444,tensorflow/tensorflow,GraphQL,7,True,710.0053000003754,1006
2026-06-24T19:02:18.130633,torvalds/linux,GraphQL,2,True,633.0948000004355,176
2026-06-24T19:02:19.065187,angular/angular,GraphQL,15,True,591.0757000001468,925
2026-06-24T19:02:23.376278,pytorch/pytorch,GraphQL,19,True,654.8025000001871,1020
2026-06-24T19:02:25.957736,rails/rails,GraphQL,19,True,674.9357999997301,936
2026-06-24T19:02:28.537586,tensorflow/tensorflow,GraphQL,0,True,646.4343999996345,1006
2026-06-24T19:02:30.739434,torvalds/linux,GraphQL,18,True,518.3382999994137,176
2026-06-24T19:02:33.240805,nodejs/node,GraphQL,22,True,753.8856000001033,835
2026-06-24T19:02:34.298023,django/django,GraphQL,7,True,608.6127000007764,209
2026-06-24T19:02:38.444223,rails/rails,GraphQL,7,True,669.1657000001214,936
2026-06-24T19:02:47.466406,torvalds/linux,GraphQL,6,True,483.5333999999421,176
2026-06-24T19:02:50.125064,tensorflow/tensorflow,GraphQL,6,True,692.2887000000628,1006
2026-06-24T19:02:52.846949,microsoft/vscode,GraphQL,17,True,716.3036000001739,766
2026-06-24T19:02:53.865997,facebook/react,GraphQL,2,True,668.2498999998643,801
2026-06-24T19:02:56.970091,angular/angular,GraphQL,0,True,649.6829999996407,925
2026-06-24T19:02:59.624723,microsoft/vscode,GraphQL,14,True,688.9115000003585,766
2026-06-24T19:03:02.323443,tensorflow/tensorflow,GraphQL,1,True,714.4464999992124,1006
2026-06-24T19:03:07.073237,angular/angular,GraphQL,4,True,524.5138999998744,925
2026-06-24T19:03:09.462498,tensorflow/tensorflow,GraphQL,15,True,839.7064999999202,1006
2026-06-24T19:03:12.021304,rails/rails,GraphQL,15,True,488.3288000000903,936
2026-06-24T19:03:12.810836,tensorflow/tensorflow,GraphQL,21,True,690.8013000002029,1006
2026-06-24T19:03:17.413656,nodejs/node,GraphQL,5,True,717.4955999998929,835
2026-06-24T19:03:18.431943,tensorflow/tensorflow,GraphQL,5,True,619.9188999999024,1006
2026-06-24T19:03:22.665547,pytorch/pytorch,GraphQL,23,True,649.6306999997614,1020
2026-06-24T19:03:25.467380,angular/angular,GraphQL,6,True,690.1096999999936,925
2026-06-24T19:03:26.459811,tensorflow/tensorflow,GraphQL,12,True,690.1820000002772,1006
2026-06-24T19:03:30.481086,torvalds/linux,GraphQL,27,True,490.62529999991966,176
2026-06-24T19:03:31.273283,pytorch/pytorch,GraphQL,21,True,660.0647000004756,1020
2026-06-24T19:03:35.795250,pytorch/pytorch,GraphQL,25,True,666.2351000004492,1020
2026-06-24T19:03:36.762885,vuejs/vue,GraphQL,9,True,547.3848999999973,990
2026-06-24T19:03:40.691703,django/django,GraphQL,11,True,676.0293999996065,209
2026-06-24T19:03:43.321713,pytorch/pytorch,GraphQL,29,True,614.7828000002846,1020
2026-06-24T19:03:45.900598,pytorch/pytorch,GraphQL,0,True,673.5404000000926,1020
2026-06-24T19:03:46.877113,angular/angular,GraphQL,27,True,553.4424000006766,925
2026-06-24T19:03:49.468387,django/django,GraphQL,28,True,645.7210999997187,209
2026-06-24T19:03:53.761738,pytorch/pytorch,GraphQL,12,True,678.6030999992363,1020
2026-06-24T19:03:54.743814,pytorch/pytorch,GraphQL,14,True,628.5607999998319,1020
2026-06-24T19:03:57.294226,tensorflow/tensorflow,GraphQL,22,True,535.8654000001479,1006
2026-06-24T19:04:00.568743,nodejs/node,GraphQL,21,True,596.7467999998917,835
2026-06-24T19:04:04.970902,django/django,GraphQL,4,True,523.8829999998416,209
2026-06-24T19:04:05.796284,pytorch/pytorch,GraphQL,26,True,707.4110000003202,1020
2026-06-24T19:04:08.447090,rails/rails,GraphQL,8,True,625.7752999999866,936
2026-06-24T19:04:10.934199,nodejs/node,GraphQL,16,True,591.5654999998878,835
2026-06-24T19:04:15.937878,facebook/react,GraphQL,9,True,722.7389999998195,801
2026-06-24T19:04:16.961304,django/django,GraphQL,23,True,781.3633999994636,209
2026-06-24T19:04:19.756390,angular/angular,GraphQL,9,True,581.5819999997984,925
2026-06-24T19:04:23.972749,rails/rails,GraphQL,4,True,619.5221999996647,936
2026-06-24T19:04:26.614150,rails/rails,GraphQL,27,True,675.4636999994545,936
2026-06-24T19:04:29.200810,angular/angular,GraphQL,25,True,644.635599999674,925
2026-06-24T18:51:05.860272,pytorch/pytorch,REST,3,True,1335.303500000009,53954
2026-06-24T18:51:07.499841,pytorch/pytorch,REST,2,True,1371.2195999996766,53954
2026-06-24T18:51:11.024748,vuejs/vue,REST,4,True,1462.0969999996305,25091
2026-06-24T18:51:12.789306,nodejs/node,REST,7,True,1452.05229999965,39266
2026-06-24T18:51:16.453785,angular/angular,REST,18,True,1292.3955999999637,34291
2026-06-24T18:51:18.978161,microsoft/vscode,REST,12,True,1370.224499999949,36706
2026-06-24T18:51:20.653989,tensorflow/tensorflow,REST,16,True,1318.73429999996,24372
2026-06-24T18:51:26.223214,django/django,REST,14,True,1299.0923999996085,25854
2026-06-24T18:51:28.628264,tensorflow/tensorflow,REST,13,True,1325.980100000379,24372
2026-06-24T18:51:31.354056,microsoft/vscode,REST,26,True,1639.8000999997748,36706
2026-06-24T18:51:34.258824,django/django,REST,19,True,1527.120300000206,25854
2026-06-24T18:51:37.911079,pytorch/pytorch,REST,13,True,1425.4264999999575,53954
2026-06-24T18:51:40.557809,django/django,REST,26,True,1407.6423000005889,25854
2026-06-24T18:51:42.270998,nodejs/node,REST,23,True,1454.3718000004446,39266
2026-06-24T18:51:46.046121,microsoft/vscode,REST,18,True,1627.9435000005833,36706
2026-06-24T18:51:48.906074,torvalds/linux,REST,16,True,1446.0902000000715,5081
2026-06-24T18:51:51.734922,microsoft/vscode,REST,1,True,1503.724399999555,36706
2026-06-24T18:51:54.544539,microsoft/vscode,REST,5,True,1502.7893999995283,36706
2026-06-24T18:51:56.350872,torvalds/linux,REST,3,True,1686.3805000002685,5081
2026-06-24T18:52:00.886232,microsoft/vscode,REST,22,True,1573.0027999998129,36706
2026-06-24T18:52:02.761824,django/django,REST,25,True,1420.785799999976,25854
2026-06-24T18:52:06.463221,rails/rails,REST,2,True,1381.9998999997551,24334
2026-06-24T18:52:09.031069,pytorch/pytorch,REST,17,True,1310.8572999999524,54797
2026-06-24T18:52:11.473179,angular/angular,REST,21,True,1233.905799999775,34291
2026-06-24T18:52:13.008869,pytorch/pytorch,REST,7,True,1374.3634999991627,54797
2026-06-24T18:52:16.603052,angular/angular,REST,24,True,1498.5380999996778,34291
2026-06-24T18:52:19.343660,nodejs/node,REST,8,True,1317.7599000000555,39266
2026-06-24T18:52:22.004165,angular/angular,REST,1,True,1387.2589000002336,34291
2026-06-24T18:52:23.695751,angular/angular,REST,8,True,1191.0090999999738,34291
2026-06-24T18:52:27.242135,pytorch/pytorch,REST,20,True,1658.8247999998202,54797
2026-06-24T18:52:29.202412,nodejs/node,REST,0,True,1420.181899999989,39266
2026-06-24T18:52:31.950205,rails/rails,REST,14,True,1291.8745999995735,24334
2026-06-24T18:52:35.330386,angular/angular,REST,7,True,1250.0111999997898,34291
2026-06-24T18:52:40.813247,vuejs/vue,REST,20,True,1225.513200000023,25091
2026-06-24T18:52:42.342949,torvalds/linux,REST,14,True,1299.420199999986,5081
2026-06-24T18:52:45.761101,rails/rails,REST,29,True,1107.1866000002046,24334
2026-06-24T18:52:48.191134,microsoft/vscode,REST,8,True,1586.6594999997687,36706
2026-06-24T18:52:54.346897,django/django,REST,5,True,1322.2278000002916,25854
2026-06-24T18:52:56.910487,angular/angular,REST,20,True,1325.6278999997448,34291
2026-06-24T18:52:58.538660,angular/angular,REST,10,True,1328.674299999875,34291
2026-06-24T18:53:02.237173,tensorflow/tensorflow,REST,11,True,1431.1856999993324,24372
2026-06-24T18:53:03.975378,django/django,REST,24,True,1270.374400000037,25854
2026-06-24T18:53:10.571391,torvalds/linux,REST,5,True,1438.047699999515,5081
2026-06-24T18:53:13.332251,rails/rails,REST,10,True,1279.4549999998708,24334
2026-06-24T18:53:15.859339,microsoft/vscode,REST,16,True,1400.5568000002313,36706
2026-06-24T18:53:18.393407,torvalds/linux,REST,8,True,1348.3634000003804,5081
2026-06-24T18:53:20.048063,vuejs/vue,REST,11,True,1337.0307000004686,25091
2026-06-24T18:53:22.682075,torvalds/linux,REST,20,True,1057.853100000102,5081
2026-06-24T18:53:25.826581,rails/rails,REST,17,True,1363.4751999998116,24334
2026-06-24T18:53:31.455150,vuejs/vue,REST,7,True,1178.1012000001283,25091
2026-06-24T18:53:32.935498,torvalds/linux,REST,10,True,1104.6164999997927,5081
2026-06-24T18:53:35.299114,rails/rails,REST,23,True,1259.750400000485,24334
2026-06-24T18:53:38.579444,microsoft/vscode,REST,11,True,1309.935299999779,36706
2026-06-24T18:53:41.029736,pytorch/pytorch,REST,1,True,1585.0069999996776,54797
2026-06-24T18:53:42.917379,django/django,REST,16,True,1404.3944999993982,25854
2026-06-24T18:53:46.631196,pytorch/pytorch,REST,27,True,1478.0890000001818,54797
2026-06-24T18:53:49.504089,tensorflow/tensorflow,REST,2,True,1689.951100000144,24372
2026-06-24T18:53:52.433991,django/django,REST,29,True,1484.5195999996577,25854
2026-06-24T18:53:55.127103,pytorch/pytorch,REST,10,True,1490.0424000006751,54797
2026-06-24T18:53:56.919552,django/django,REST,9,True,1313.859699999739,25854
2026-06-24T18:53:59.578347,django/django,REST,1,True,1544.4542999994155,25854
2026-06-24T18:54:03.266201,nodejs/node,REST,27,True,1631.6729000000123,39266
2026-06-24T18:54:06.120249,django/django,REST,12,True,1276.4644999997472,25854
2026-06-24T18:54:08.631321,pytorch/pytorch,REST,15,True,1706.189400000767,54797
2026-06-24T18:54:10.639916,pytorch/pytorch,REST,5,True,1464.9681000000785,54797
2026-06-24T18:54:14.138967,vuejs/vue,REST,19,True,1486.875499999769,25091
2026-06-24T18:54:15.931588,torvalds/linux,REST,26,True,1312.6812000000427,5081
2026-06-24T18:54:19.292006,angular/angular,REST,14,True,1291.801200000009,34291
2026-06-24T18:54:20.887866,torvalds/linux,REST,24,True,1057.3969999995825,5081
2026-06-24T18:54:23.061549,nodejs/node,REST,29,True,1383.119699999952,39266
2026-06-24T18:54:25.746606,torvalds/linux,REST,12,True,1188.0541999998968,5081
2026-06-24T18:54:28.065871,pytorch/pytorch,REST,8,True,1374.3476999998163,54797
2026-06-24T18:54:31.489319,microsoft/vscode,REST,7,True,1316.5360000002693,36706
2026-06-24T18:54:37.380225,facebook/react,REST,17,True,1763.023599999542,20350
2026-06-24T18:54:39.448241,django/django,REST,21,True,1206.4655000003768,25854
2026-06-24T18:54:42.852083,angular/angular,REST,5,True,1257.5253000004525,34291
2026-06-24T18:54:44.412311,rails/rails,REST,22,True,1300.4511999997703,24334
2026-06-24T18:54:46.947111,vuejs/vue,REST,10,True,1170.2531000000818,25091
2026-06-24T18:54:53.385264,nodejs/node,REST,15,True,1426.448100000016,39266
2026-06-24T18:54:55.115636,torvalds/linux,REST,11,True,1138.6789999996836,5081
2026-06-24T18:54:57.415573,facebook/react,REST,1,True,1748.8172000003033,20350
2026-06-24T18:55:01.242298,vuejs/vue,REST,12,True,1299.8517999994874,25091
2026-06-24T18:55:02.844552,angular/angular,REST,23,True,1560.7604000006177,34291
2026-06-24T18:55:06.581385,tensorflow/tensorflow,REST,18,True,1387.0657999996183,24372
2026-06-24T18:55:12.386307,nodejs/node,REST,1,True,1302.647700000307,39266
2026-06-24T18:55:14.822944,rails/rails,REST,13,True,1244.3663000003653,24334
2026-06-24T18:55:16.373506,tensorflow/tensorflow,REST,23,True,1229.3171999999686,24372
2026-06-24T18:55:19.864649,nodejs/node,REST,14,True,1231.6553000000567,39266
2026-06-24T18:55:22.219175,rails/rails,REST,20,True,1188.3261000002676,24334
2026-06-24T18:55:23.714171,microsoft/vscode,REST,0,True,1498.8462999999683,36706
2026-06-24T18:55:27.620352,microsoft/vscode,REST,29,True,1417.1941999993578,36706
2026-06-24T18:55:29.341765,nodejs/node,REST,10,True,1228.4405000000334,39266
2026-06-24T18:55:32.650447,nodejs/node,REST,24,True,1308.8182000001325,39266
2026-06-24T18:55:34.264356,microsoft/vscode,REST,23,True,1358.5082999998122,36706
2026-06-24T18:55:36.866365,django/django,REST,8,True,1233.4248999995907,25854
2026-06-24T18:55:39.203222,angular/angular,REST,16,True,1269.635300000118,34291
2026-06-24T18:55:41.911441,microsoft/vscode,REST,9,True,1404.3858000004548,36706
2026-06-24T18:55:45.464538,microsoft/vscode,REST,20,True,1380.2310000000944,36706
2026-06-24T18:55:47.148962,microsoft/vscode,REST,25,True,1397.0947999996497,36706
2026-06-24T18:55:49.792513,facebook/react,REST,12,True,1772.183699999914,20350
2026-06-24T18:55:53.675900,vuejs/vue,REST,13,True,1217.2506000006251,25091
2026-06-24T18:55:56.136475,microsoft/vscode,REST,13,True,1401.839299999665,36706
2026-06-24T18:55:57.841350,vuejs/vue,REST,29,True,1201.7673000000286,25091
2026-06-24T18:56:00.270315,torvalds/linux,REST,0,True,1277.6671999999962,5081
2026-06-24T18:56:02.796524,microsoft/vscode,REST,10,True,1452.5032000001374,36706
2026-06-24T18:56:06.610007,rails/rails,REST,12,True,1234.2316999993272,24334
2026-06-24T18:56:08.147989,microsoft/vscode,REST,28,True,1474.9680000004446,36706
2026-06-24T18:56:10.922814,angular/angular,REST,29,True,1274.5217000001503,34291
2026-06-24T18:56:14.355712,torvalds/linux,REST,1,True,1136.032399999749,5081
2026-06-24T18:56:16.650362,vuejs/vue,REST,0,True,1272.8165999997143,25091
2026-06-24T18:56:19.094526,django/django,REST,2,True,1248.324700000012,25854
2026-06-24T18:56:21.541534,angular/angular,REST,17,True,1310.9024000004863,34291
2026-06-24T18:56:23.157970,torvalds/linux,REST,9,True,1044.3624999998065,5081
2026-06-24T18:56:26.196160,torvalds/linux,REST,4,True,1146.0053999999218,5081
2026-06-24T18:56:27.645156,facebook/react,REST,27,True,1715.2514999997948,20350
2026-06-24T18:56:31.428548,vuejs/vue,REST,27,True,1273.1149999999616,25091
2026-06-24T18:56:33.899274,nodejs/node,REST,11,True,1251.5917000000627,39266
2026-06-24T18:56:36.359496,facebook/react,REST,21,True,1736.0256000001757,20350
2026-06-24T18:56:38.401641,django/django,REST,13,True,1155.771900000218,25854
2026-06-24T18:56:41.568186,tensorflow/tensorflow,REST,10,True,1271.531299999879,24372
2026-06-24T18:56:43.141662,facebook/react,REST,14,True,1703.3606999993935,20350
2026-06-24T18:56:46.005342,vuejs/vue,REST,24,True,1368.3127000003878,25091
2026-06-24T18:56:49.660183,vuejs/vue,REST,16,True,1286.1040000007051,25091
2026-06-24T18:56:52.231837,tensorflow/tensorflow,REST,17,True,1666.7618000001312,24372
2026-06-24T18:56:55.217439,rails/rails,REST,0,True,1472.6478000002317,24334
2026-06-24T18:56:56.992375,torvalds/linux,REST,19,True,1480.615200000102,5081
2026-06-24T18:56:59.781788,tensorflow/tensorflow,REST,14,True,1588.1097999999838,24372
2026-06-24T18:57:02.727910,vuejs/vue,REST,18,True,1650.0982000006843,25091
2026-06-24T18:57:05.763619,vuejs/vue,REST,1,True,1526.9045000004553,25091
2026-06-24T18:57:08.823109,django/django,REST,15,True,1281.0039999994842,25854
2026-06-24T18:57:15.698815,angular/angular,REST,2,True,1381.0357000002114,34291
2026-06-24T18:57:17.384624,vuejs/vue,REST,17,True,1273.8749999998618,25091
2026-06-24T18:57:20.904365,microsoft/vscode,REST,27,True,1491.249499999867,36706
2026-06-24T18:57:22.698243,microsoft/vscode,REST,15,True,1373.1087999994998,36706
2026-06-24T18:57:26.472862,django/django,REST,0,True,1380.8122999998886,25854
2026-06-24T18:57:29.193000,microsoft/vscode,REST,19,True,1444.9019000003318,36706
2026-06-24T18:57:31.978586,tensorflow/tensorflow,REST,24,True,1357.7506999999969,24372
2026-06-24T18:57:33.641760,rails/rails,REST,24,True,1391.0601000006864,24334
2026-06-24T18:57:37.200270,rails/rails,REST,18,True,1159.5933999997214,24334
2026-06-24T18:57:39.521888,vuejs/vue,REST,14,True,1235.012099999949,25091
2026-06-24T18:57:41.062740,rails/rails,REST,1,True,1288.49050000008,24334
2026-06-24T18:57:43.642778,torvalds/linux,REST,13,True,1313.3723000000828,5081
2026-06-24T18:57:46.228916,pytorch/pytorch,REST,28,True,1469.563100000414,54797
2026-06-24T18:57:50.007094,pytorch/pytorch,REST,16,True,1568.48379999974,54797
2026-06-24T18:57:52.705135,tensorflow/tensorflow,REST,26,True,1819.0226999995505,24372
2026-06-24T18:57:55.747877,torvalds/linux,REST,21,True,1367.9625000004307,5081
2026-06-24T18:57:57.418255,rails/rails,REST,5,True,1326.237499999479,24334
2026-06-24T18:58:00.073091,rails/rails,REST,26,True,1502.5907999997798,24334
2026-06-24T18:58:03.905325,torvalds/linux,REST,7,True,1296.2040000002162,5081
2026-06-24T18:58:05.507334,rails/rails,REST,21,True,1464.9178999998185,24334
2026-06-24T18:58:08.145477,nodejs/node,REST,6,True,1478.718399999707,39266
2026-06-24T18:58:11.683276,facebook/react,REST,7,True,1772.0796000003247,20350
2026-06-24T18:58:13.758214,django/django,REST,10,True,1292.8173999998762,25854
2026-06-24T18:58:16.323357,angular/angular,REST,19,True,1492.1739000001253,34291
2026-06-24T18:58:19.154561,microsoft/vscode,REST,24,True,1597.2772000004625,36706
2026-06-24T18:58:23.210384,vuejs/vue,REST,3,True,1431.8052999997235,25091
2026-06-24T18:58:29.503659,tensorflow/tensorflow,REST,27,True,1250.6779000004826,24372
2026-06-24T18:58:31.056693,vuejs/vue,REST,8,True,1743.0694000004223,25091
2026-06-24T18:58:34.994380,angular/angular,REST,11,True,1571.2388000001738,34291
2026-06-24T18:58:37.759113,tensorflow/tensorflow,REST,28,True,1583.6138000004212,24372
2026-06-24T18:58:39.645602,torvalds/linux,REST,29,True,1116.3210000004256,5081
2026-06-24T18:58:42.725089,pytorch/pytorch,REST,4,True,1485.0756000005276,54797
2026-06-24T18:58:44.512404,vuejs/vue,REST,23,True,1104.7029000001205,25091
2026-06-24T18:58:47.868137,facebook/react,REST,11,True,1766.8385999995735,20350
2026-06-24T18:58:49.938277,nodejs/node,REST,28,True,1402.0365000005768,39266
2026-06-24T18:58:55.956084,vuejs/vue,REST,22,True,1238.0535000002055,25091
2026-06-24T18:58:58.334569,rails/rails,REST,16,True,1343.049400000382,24334
2026-06-24T18:59:04.923554,angular/angular,REST,26,True,1637.9135999995924,34291
2026-06-24T18:59:06.866697,vuejs/vue,REST,25,True,1202.234899999894,25091
2026-06-24T18:59:10.101747,angular/angular,REST,3,True,1272.811300000285,34291
2026-06-24T18:59:12.509531,torvalds/linux,REST,15,True,1011.6256999999678,5081
2026-06-24T18:59:14.685100,pytorch/pytorch,REST,22,True,1581.4854000000196,54797
2026-06-24T18:59:20.088935,pytorch/pytorch,REST,9,True,1361.852699999872,54797
2026-06-24T18:59:26.221121,tensorflow/tensorflow,REST,20,True,1328.938100000414,24372
2026-06-24T18:59:29.758224,rails/rails,REST,25,True,1353.9610999996512,24334
2026-06-24T18:59:31.417961,tensorflow/tensorflow,REST,29,True,1561.1281000001327,24372
2026-06-24T18:59:34.203859,vuejs/vue,REST,26,True,1372.718999999961,25091
2026-06-24T18:59:37.723770,vuejs/vue,REST,2,True,1175.04210000061,25091
2026-06-24T18:59:40.067540,angular/angular,REST,28,True,1488.4045999997395,34291
2026-06-24T18:59:41.859499,nodejs/node,REST,4,True,1448.1101000001215,39266
2026-06-24T18:59:51.331057,pytorch/pytorch,REST,6,True,1340.4295000000277,54797
2026-06-24T18:59:54.867657,nodejs/node,REST,2,True,1404.8874999998588,39266
2026-06-24T18:59:57.590190,angular/angular,REST,12,True,1461.9221000002651,34291
2026-06-24T19:00:00.266591,torvalds/linux,REST,28,True,1195.5227999997078,5081
2026-06-24T19:00:08.442823,tensorflow/tensorflow,REST,3,True,1211.1319000005096,24372
2026-06-24T19:00:11.944490,torvalds/linux,REST,17,True,1216.893799999525,5081
2026-06-24T19:00:14.468277,tensorflow/tensorflow,REST,9,True,1266.2370000007286,24372
2026-06-24T19:00:17.016308,rails/rails,REST,11,True,1620.8999000000404,24334
2026-06-24T19:00:18.943298,facebook/react,REST,22,True,1821.148400000311,20350
2026-06-24T19:00:22.090513,tensorflow/tensorflow,REST,25,True,1460.2033999999549,24372
2026-06-24T19:00:25.638279,django/django,REST,20,True,1342.572200000177,25854
2026-06-24T19:00:27.285883,tensorflow/tensorflow,REST,4,True,1443.3619000001272,24372
2026-06-24T19:00:31.135430,vuejs/vue,REST,21,True,1337.089699999524,25091
2026-06-24T19:00:33.679272,tensorflow/tensorflow,REST,19,True,1484.3959999998333,24372
2026-06-24T19:00:35.469440,pytorch/pytorch,REST,11,True,1425.7134999998016,54797
2026-06-24T19:00:38.050477,microsoft/vscode,REST,4,True,1702.103000000534,31930
2026-06-24T19:00:41.172074,nodejs/node,REST,9,True,1393.4994999999617,39266
2026-06-24T19:00:43.881441,django/django,REST,6,True,1456.7636000001585,25854
2026-06-24T19:00:46.597552,pytorch/pytorch,REST,18,True,1523.8429999999423,50603
2026-06-24T19:00:49.371718,rails/rails,REST,3,True,1156.4447999999174,24334
2026-06-24T19:00:51.728070,django/django,REST,27,True,1131.7823999997927,25854
2026-06-24T19:00:54.138058,rails/rails,REST,28,True,1435.7526000003418,24334
2026-06-24T19:00:57.995484,nodejs/node,REST,3,True,1290.0579999995898,39266
2026-06-24T19:01:00.445462,microsoft/vscode,REST,6,True,1738.9587999996363,31930
2026-06-24T19:01:02.489808,vuejs/vue,REST,6,True,1583.8762000003044,25091
2026-06-24T19:01:05.269336,angular/angular,REST,22,True,1368.9423999994688,32948
2026-06-24T19:01:07.885762,django/django,REST,17,True,1381.9587000007232,25854
2026-06-24T19:01:10.552953,torvalds/linux,REST,22,True,1195.0003000001743,5081
2026-06-24T19:01:13.748367,tensorflow/tensorflow,REST,8,True,1273.744899999656,24372
2026-06-24T19:01:15.323518,nodejs/node,REST,17,True,1531.6688000002614,39266
2026-06-24T19:01:18.184896,vuejs/vue,REST,28,True,1188.2176999997682,25091
2026-06-24T19:01:20.518283,django/django,REST,18,True,1261.928199999602,25854
2026-06-24T19:01:23.033185,nodejs/node,REST,13,True,1286.0732999997708,39266
2026-06-24T19:01:25.488043,nodejs/node,REST,12,True,1343.0886999994982,39266
2026-06-24T19:01:28.131169,rails/rails,REST,6,True,1213.148099999671,24334
2026-06-24T19:01:30.483570,vuejs/vue,REST,5,True,1341.1415999999008,25091
2026-06-24T19:01:34.018294,nodejs/node,REST,20,True,1431.3954999997804,39266
2026-06-24T19:01:35.751802,pytorch/pytorch,REST,24,True,1629.0059000002657,50603
2026-06-24T19:01:43.202141,nodejs/node,REST,18,True,1344.7567000002891,39266
2026-06-24T19:01:44.848457,torvalds/linux,REST,23,True,1184.161299999687,5081
2026-06-24T19:01:47.964378,torvalds/linux,REST,25,True,1411.9886000007682,5081
2026-06-24T19:01:50.704611,angular/angular,REST,13,True,1261.3092999999935,32948
2026-06-24T19:01:52.270412,django/django,REST,3,True,1356.5263000000414,25854
2026-06-24T19:01:54.775265,rails/rails,REST,9,True,1442.0269000002008,24334
2026-06-24T19:01:57.501540,microsoft/vscode,REST,2,True,1497.0829000003505,30038
2026-06-24T19:02:00.241346,microsoft/vscode,REST,3,True,1344.605199999933,30038
2026-06-24T19:02:04.038431,nodejs/node,REST,19,True,1349.1811000003509,39266
2026-06-24T19:02:05.688923,nodejs/node,REST,26,True,1445.6309999995938,39266
2026-06-24T19:02:08.381776,nodejs/node,REST,25,True,1318.364499999916,39266
2026-06-24T19:02:11.013459,facebook/react,REST,10,True,1745.6892999998672,20350
2026-06-24T19:02:15.037531,tensorflow/tensorflow,REST,7,True,1385.1990000002845,24372
2026-06-24T19:02:16.723899,torvalds/linux,REST,2,True,1104.9399000003175,5081
2026-06-24T19:02:19.957458,angular/angular,REST,15,True,1351.3849999999366,32948
2026-06-24T19:02:21.610253,pytorch/pytorch,REST,19,True,1464.5888999993986,50603
2026-06-24T19:02:24.332833,rails/rails,REST,19,True,1322.0911999997045,24334
2026-06-24T19:02:26.934949,tensorflow/tensorflow,REST,0,True,1299.172300000464,24372
2026-06-24T19:02:31.559003,nodejs/node,REST,22,True,1379.6889999994164,39266
2026-06-24T19:02:35.208209,django/django,REST,7,True,1286.6531000008763,25854
2026-06-24T19:02:36.798183,rails/rails,REST,7,True,1343.7211999998908,24334
2026-06-24T19:02:40.649209,vuejs/vue,REST,15,True,1198.4292999995887,25091
2026-06-24T19:02:46.045489,torvalds/linux,REST,6,True,1116.3484999997308,5081
2026-06-24T19:02:48.253685,tensorflow/tensorflow,REST,6,True,1567.547000000559,24372
2026-06-24T19:02:51.121165,microsoft/vscode,REST,17,True,1423.1227000000215,30038
2026-06-24T19:02:57.921511,angular/angular,REST,0,True,1401.7045999999027,32948
2026-06-24T19:03:00.614750,microsoft/vscode,REST,14,True,1406.5316999995048,28025
2026-06-24T19:03:03.338621,tensorflow/tensorflow,REST,1,True,1784.912000000077,24372
2026-06-24T19:03:05.425180,angular/angular,REST,4,True,1345.246699999734,32948
2026-06-24T19:03:07.899705,tensorflow/tensorflow,REST,15,True,1261.2490000001344,24372
2026-06-24T19:03:10.603227,rails/rails,REST,15,True,1116.2161000002015,24334
2026-06-24T19:03:13.803584,tensorflow/tensorflow,REST,21,True,1469.2319000005227,24372
2026-06-24T19:03:15.577621,nodejs/node,REST,5,True,1534.0472999996564,39266
2026-06-24T19:03:19.353819,tensorflow/tensorflow,REST,5,True,1417.8750999999463,24372
2026-06-24T19:03:21.074699,pytorch/pytorch,REST,23,True,1288.359500000297,50603
2026-06-24T19:03:23.618493,angular/angular,REST,6,True,1546.29819999991,32948
2026-06-24T19:03:27.451077,tensorflow/tensorflow,REST,12,True,1250.8358000004591,24372
2026-06-24T19:03:29.003991,torvalds/linux,REST,27,True,1175.5021999997552,5081
2026-06-24T19:03:32.235140,pytorch/pytorch,REST,21,True,1553.1808000005185,50603
2026-06-24T19:03:34.091425,pytorch/pytorch,REST,25,True,1400.895300000229,50603
2026-06-24T19:03:37.610948,vuejs/vue,REST,9,True,1268.579800000225,25091
2026-06-24T19:03:39.180887,django/django,REST,11,True,1209.4876999999542,25854
2026-06-24T19:03:41.669216,pytorch/pytorch,REST,29,True,1350.620300000628,50603
2026-06-24T19:03:44.237878,pytorch/pytorch,REST,0,True,1361.294799999996,50603
2026-06-24T19:03:47.732300,angular/angular,REST,27,True,1431.0203000004549,32948
2026-06-24T19:03:50.415361,django/django,REST,28,True,1439.4602000002124,25854
2026-06-24T19:03:52.157628,pytorch/pytorch,REST,12,True,1301.6842999995788,50603
2026-06-24T19:03:55.673391,pytorch/pytorch,REST,14,True,1317.8771000002598,50603
2026-06-24T19:04:01.468179,nodejs/node,REST,21,True,1343.30989999944,39266
2026-06-24T19:04:03.115215,django/django,REST,4,True,1553.466400000616,25854
2026-06-24T19:04:06.807388,pytorch/pytorch,REST,26,True,1335.5929999997898,50603
2026-06-24T19:04:09.374973,rails/rails,REST,8,True,1254.8593999999866,24334
2026-06-24T19:04:11.826859,nodejs/node,REST,16,True,1453.6228000006304,39266
2026-06-24T19:04:18.043870,django/django,REST,23,True,1410.119200000736,25854
2026-06-24T19:04:20.639973,angular/angular,REST,9,True,1423.161199999413,32948
2026-06-24T19:04:22.365740,rails/rails,REST,4,True,1305.8939000002283,24334
2026-06-24T19:04:24.893986,rails/rails,REST,27,True,1417.6988999997775,24334
2026-06-24T19:04:27.590949,angular/angular,REST,25,True,1307.822700000543,32948
